,intial score,final score
20230912,0.08656876767920035,0.2618604801587121
20230913,0.2708178821903651,0.4894819412043526
20230914,0.47072198956329847,0.6570028706902653
20230915,0.5599663891082376,0.8168024268485145
20230916,0.8488095892472007,0.9868654497357406
20230917,0.9104513105983869,0.9946592530266862
